{
    "accuracy": 0.9995962220427653,
    "precision": 0.9411764705882353,
    "recall": 0.8163265306122449,
    "f1_score": 0.8743169398907104,
    "roc_auc": 0.9630272515590367
}